Image,Slope Q1,R2 Q1,Slope Q2,R2 Q2,Slope Q3,R2 Q3,Slope Q4,R2 Q4,Slope Whole,R2 Whole
images/filigrees/Corale 8/C8-158v-Completion Q-cropped.jpg,-0.8828313768530149,0.9379993204081439,-0.8789470951854856,0.9314543109137757,-0.9448194773547876,0.9280564630364175,-0.9346138786858751,0.9291337160650981,-1.141384997470664,0.8857572232842145
images/filigrees/Corale 8/C8-155v-I-2-cropped.jpg,-0.8613993159686909,0.9648352814235468,-0.8270128948224875,0.9641198410638797,-0.8439941672584872,0.9651829777624203,-0.8337755096806072,0.9634284568319141,-1.0390133700770947,0.9562848007850764
images/filigrees/Corale 8/C8-1r-Incipit-2-cropped.jpg,-0.6871286984038081,0.9399869558757552,-0.7458289024969247,0.9267089389364402,-0.7253412971084104,0.9430900816521323,-0.7369990200188706,0.9549579366582364,-0.9492756533328736,0.8901145665650396
