Image,Slope Q1,R2 Q1,Slope Q2,R2 Q2,Slope Q3,R2 Q3,Slope Q4,R2 Q4,Slope Whole,R2 Whole
images/filigrees/Corale 8/C8-158v-Completion Q-cropped.jpg,-1.2291107279607725,0.8826907396617589,-1.3025943484038707,0.8632611173953062,-1.3112066036327847,0.862997146486388,-1.327193941172309,0.8756934457376108,-1.289688202930969,0.8725713578240812
images/filigrees/Corale 8/C8-155v-I-2-cropped.jpg,-1.0076930864080602,0.9779576454816534,-1.0121184148067273,0.9675469503547269,-0.9781256106016389,0.9734140768420045,-1.035231016698963,0.9715416570480935,-1.0068226787136634,0.9744513684428493
images/filigrees/Corale 8/C8-1r-Incipit-2-cropped.jpg,-1.0354292907501994,0.8900515283383802,-1.0031808857385158,0.8524687913613932,-0.852079723365223,0.9155045565902379,-0.8705996654533809,0.9294263961573606,-0.9317336005176609,0.9092649099212333
